{"cameraMode":{"drawMode":0,"name":"Shaded","section":"Shading Mode"},"sceneLighting":true,"audioPlay":false,"sceneViewState":{"m_AlwaysRefresh":false,"showFog":true,"showSkybox":true,"showFlares":true,"showImageEffects":true,"showParticleSystems":true,"showVisualEffectGraphs":true,"m_FxEnabled":true},"in2DMode":false,"pivot":{"x":-9.167924880981446,"y":0.20976901054382325,"z":-7.860161781311035},"rotation":{"x":0.004482364747673273,"y":0.9927066564559937,"z":-0.03904299810528755,"w":0.11396376043558121},"size":6.026110649108887,"orthographic":false}